,AIDS,BZR,BZR_MD,COIL-DEL,COIL-RAG,COLLAB,COX2,COX2_MD,DD,DHFR,DHFR_MD,ENZYMES,ER_MD,FRANKENSTEIN,IMDB-BINARY,IMDB-MULTI,KKI,Letter-high,Letter-low,Letter-med,MSRC_21,MSRC_21C,MSRC_9,MUTAG,Mutagenicity,NCI1,NCI109,OHSU,PROTEINS,PROTEINS_full,PTC_FM,PTC_FR,PTC_MM,PTC_MR,Peking_1,REDDIT-BINARY,REDDIT-MULTI-12K,REDDIT-MULTI-5K,SYNTHETIC,SYNTHETICnew,Synthie
EH,99.55 +- 0.04,78.78 +- 0.00,62.93 +- 1.18,7.67 +- 0.22,5.90 +- 0.09,42.08 +- 2.38,78.16 +- 0.00,61.77 +- 1.43,49.78 +- 2.19,60.98 +- 0.00,66.61 +- 1.24,21.80 +- 0.50,70.04 +- 3.38,55.36 +- 0.00,50.22 +- 0.66,33.69 +- 0.51,55.25 +- 0.70,23.12 +- 0.42,20.98 +- 0.19,21.03 +- 0.28,9.36 +- 0.65,19.52 +- 0.65,17.46 +- 1.23,85.14 +- 0.80,64.32 +- 0.53,62.49 +- 0.10,62.36 +- 0.13,49.19 +- 3.01,46.74 +- 1.82,46.74 +- 1.82,59.03 +- 0.00,65.28 +- 0.16,61.61 +- 0.00,55.56 +- 0.17,57.59 +- 1.12,48.60 +- 1.80,15.12 +- 1.27,18.55 +- 2.28,50.00 +- 0.00,64.33 +- 0.00,54.25 +- 0.00
GH,99.13 +- 0.07,79.32 +- 0.48,51.99 +- 0.25,,,,78.16 +- 0.00,60.99 +- 1.06,,68.70 +- 0.86,67.95 +- 0.00,46.53 +- 1.26,59.42 +- 0.00,,,,55.22 +- 0.75,,,,85.94 +- 0.46,81.30 +- 0.47,90.38 +- 0.41,81.07 +- 0.45,,,,55.79 +- 0.00,75.08 +- 0.29,,63.63 +- 0.62,66.53 +- 0.31,64.23 +- 0.60,57.76 +- 1.44,,,,,58.83 +- 0.98,58.73 +- 0.93,51.06 +- 0.94
GL,,78.78 +- 0.00,,,,,78.16 +- 0.00,,,60.98 +- 0.00,,,,,,,,,,,,,,67.38 +- 0.45,55.31 +- 0.03,,,,,,,,,,,,,,50.00 +- 0.00,,
HGKSP_seed0,99.38 +- 0.02,81.99 +- 0.30,60.08 +- 0.88,66.19 +- 0.20,91.65 +- 0.26,79.64 +- 0.15,78.16 +- 0.00,59.92 +- 0.66,,72.48 +- 0.65,67.95 +- 0.00,63.07 +- 0.69,59.42 +- 0.00,56.05 +- 0.10,73.34 +- 0.47,51.58 +- 0.42,53.07 +- 2.52,87.96 +- 0.31,99.29 +- 0.04,92.25 +- 0.19,84.89 +- 0.22,81.99 +- 0.51,88.76 +- 0.78,80.90 +- 0.48,71.83 +- 0.15,69.55 +- 0.16,69.56 +- 0.19,50.74 +- 1.73,74.53 +- 0.35,75.92 +- 0.49,63.78 +- 0.33,67.50 +- 0.25,64.71 +- 0.78,57.48 +- 1.14,58.74 +- 2.11,,,,59.93 +- 1.24,63.73 +- 1.59,79.79 +- 0.59
HGKWL_seed0,98.76 +- 0.09,81.42 +- 0.60,52.64 +- 1.20,61.39 +- 0.29,91.11 +- 0.47,,78.16 +- 0.00,57.15 +- 1.20,75.35 +- 0.94,75.35 +- 0.66,66.08 +- 1.02,54.53 +- 1.34,66.72 +- 1.28,63.69 +- 0.51,72.75 +- 1.02,50.73 +- 0.63,52.64 +- 1.67,90.54 +- 0.32,99.66 +- 0.03,93.82 +- 0.17,78.05 +- 0.51,78.88 +- 0.77,87.50 +- 1.03,75.51 +- 1.34,80.12 +- 0.39,81.26 +- 0.21,80.69 +- 0.19,55.40 +- 0.64,73.65 +- 0.72,75.57 +- 0.48,64.38 +- 0.71,67.81 +- 0.24,65.69 +- 0.97,59.87 +- 1.00,56.13 +- 2.39,,,,74.07 +- 1.13,71.60 +- 1.94,29.86 +- 0.31
MLG,98.38 +- 0.14,87.04 +- 0.55,51.30 +- 0.00,3.90 +- 0.19,,,80.73 +- 0.75,51.15 +- 0.00,75.68 +- 0.84,83.22 +- 0.94,67.95 +- 0.00,51.17 +- 1.59,60.72 +- 0.69,72.36 +- 0.22,52.56 +- 0.42,34.27 +- 0.33,53.59 +- 3.44,16.08 +- 1.18,22.01 +- 0.35,19.03 +- 1.16,67.40 +- 0.97,62.53 +- 2.29,81.16 +- 2.35,78.53 +- 2.25,,78.17 +- 0.33,78.01 +- 0.58,54.80 +- 3.18,75.55 +- 0.71,75.55 +- 0.71,59.87 +- 1.64,66.25 +- 0.72,60.71 +- 0.80,60.37 +- 1.57,53.82 +- 2.79,,,,50.00 +- 0.00,82.97 +- 2.06,53.78 +- 1.41
MP,99.46 +- 0.06,87.97 +- 0.93,64.48 +- 0.70,80.94 +- 0.49,83.50 +- 0.39,81.10 +- 0.46,79.87 +- 1.50,61.81 +- 1.51,79.02 +- 0.25,80.47 +- 0.92,66.07 +- 0.88,60.02 +- 0.75,71.62 +- 1.20,57.01 +- 0.66,72.28 +- 0.75,49.55 +- 0.68,46.53 +- 5.95,86.07 +- 0.50,99.52 +- 0.12,94.56 +- 0.27,90.56 +- 0.76,84.65 +- 0.62,90.16 +- 0.78,86.98 +- 1.09,79.03 +- 0.32,78.05 +- 0.76,76.75 +- 0.39,54.63 +- 2.22,73.30 +- 0.64,73.86 +- 0.83,63.09 +- 1.97,64.76 +- 1.70,65.19 +- 1.68,61.24 +- 2.21,57.70 +- 4.04,89.24 +- 0.48,,50.87 +- 0.50,50.00 +- 0.00,62.00 +- 2.38,96.52 +- 0.61
SP,99.17 +- 0.13,80.83 +- 0.88,53.93 +- 3.57,17.69 +- 0.30,7.84 +- 0.08,,78.91 +- 1.14,51.10 +- 2.80,,76.92 +- 0.78,56.10 +- 3.30,31.70 +- 0.84,60.28 +- 3.74,57.30 +- 1.52,68.51 +- 1.22,49.09 +- 0.44,48.18 +- 2.14,37.36 +- 0.44,50.05 +- 0.21,45.41 +- 0.37,,84.65 +- 1.43,91.01 +- 0.55,83.09 +- 1.60,,50.70 +- 1.56,49.61 +- 3.82,42.22 +- 2.28,,,56.89 +- 1.19,68.78 +- 1.86,59.88 +- 0.71,57.24 +- 1.36,51.34 +- 4.94,,,,50.00 +- 0.00,78.90 +- 1.36,48.02 +- 1.58
VH,99.70 +- 0.00,78.80 +- 0.21,70.25 +- 1.05,15.01 +- 0.33,7.79 +- 0.07,44.20 +- 2.45,78.16 +- 0.00,62.80 +- 0.93,68.68 +- 3.04,60.25 +- 0.36,67.92 +- 0.08,25.20 +- 0.96,66.88 +- 1.00,64.96 +- 0.34,50.58 +- 0.20,34.90 +- 0.31,52.40 +- 2.66,36.69 +- 0.52,47.93 +- 0.33,43.93 +- 0.55,89.58 +- 0.59,82.87 +- 1.37,90.22 +- 1.01,85.98 +- 0.40,67.01 +- 0.83,64.66 +- 0.53,63.24 +- 0.54,51.86 +- 3.05,70.13 +- 1.61,70.13 +- 1.61,58.12 +- 0.85,67.84 +- 0.16,66.55 +- 0.61,58.46 +- 0.27,57.75 +- 3.03,50.03 +- 2.24,17.80 +- 0.63,17.92 +- 1.69,50.00 +- 0.00,62.30 +- 0.55,50.38 +- 1.12
WL,99.52 +- 0.10,86.07 +- 0.68,67.98 +- 1.40,16.68 +- 0.29,7.83 +- 0.09,78.41 +- 0.18,80.32 +- 1.35,60.07 +- 2.22,77.73 +- 1.97,81.72 +- 0.80,62.56 +- 1.51,54.27 +- 0.94,70.35 +- 1.01,71.81 +- 0.31,71.15 +- 0.47,50.25 +- 0.72,53.90 +- 2.42,37.56 +- 0.26,49.94 +- 0.31,45.47 +- 0.28,89.15 +- 0.83,82.75 +- 1.01,90.53 +- 1.32,85.75 +- 1.96,82.03 +- 0.44,85.60 +- 0.36,85.76 +- 0.22,52.36 +- 3.08,73.06 +- 0.47,73.06 +- 0.47,61.77 +- 1.92,65.68 +- 1.59,64.36 +- 2.36,59.97 +- 1.95,56.90 +- 2.02,77.95 +- 0.60,,52.18 +- 1.24,50.00 +- 0.00,97.87 +- 0.61,48.93 +- 1.49
WLOA,99.69 +- 0.02,86.83 +- 0.99,68.17 +- 1.56,16.56 +- 0.31,7.90 +- 0.10,80.25 +- 0.24,81.08 +- 0.89,62.37 +- 2.11,77.78 +- 1.22,82.40 +- 0.97,64.10 +- 1.70,58.88 +- 0.85,70.96 +- 0.75,72.02 +- 0.30,74.01 +- 0.66,49.95 +- 0.46,54.05 +- 2.27,37.41 +- 0.39,49.89 +- 0.22,45.84 +- 0.39,89.55 +- 0.35,85.71 +- 0.99,91.77 +- 1.12,86.10 +- 1.95,83.24 +- 0.65,85.95 +- 0.23,86.17 +- 0.19,52.36 +- 3.08,73.50 +- 0.87,73.50 +- 0.87,61.98 +- 2.22,65.17 +- 1.41,64.18 +- 1.18,60.38 +- 1.40,56.22 +- 2.52,87.60 +- 0.33,,,50.00 +- 0.00,98.10 +- 0.39,48.89 +- 1.70
