,BZR,COIL-DEL,COIL-RAG,COLLAB,COX2,DD,DHFR,DHFR_MD,ENZYMES,ER_MD,FRANKENSTEIN,IMDB-BINARY,IMDB-MULTI,Letter-high,Letter-low,Letter-med,MSRC_21,MSRC_21C,MSRC_9,MUTAG,Mutagenicity,NCI1,NCI109,OHSU,PROTEINS,PROTEINS_full,PTC_FM,PTC_FR,PTC_MR,Peking_1,REDDIT-BINARY,REDDIT-MULTI-12K,REDDIT-MULTI-5K,SYNTHETIC,SYNTHETICnew,Synthie
EH,63.01,81.88,72.82,46.7,43.77,47.73,48.92,51.77,56.41,76.28,49.93,49.83,50.55,77.53,76.83,74.57,57.53,55.32,58.82,88.91,69.01,68.29,68.13,52.34,58.95,58.89,48.73,51.67,52.32,52.53,48.64,44.28,39.56,50.0,64.44,83.12
GH,73.06,0.0,0.0,0.0,69.65,0.0,76.21,54.5,78.97,72.86,0.0,0.0,0.0,0.0,0.0,0.0,99.38,94.96,99.13,83.62,0.0,0.0,0.0,58.75,80.82,0.0,61.0,62.0,61.32,0.0,0.0,0.0,0.0,39.2,38.0,91.43
GL,49.81,0.0,73.16,0.0,44.98,0.0,45.44,47.62,0.0,70.39,60.09,0.0,0.0,84.96,93.21,90.91,0.0,0.0,0.0,85.72,46.84,49.98,51.74,0.0,0.0,0.0,53.14,51.12,48.44,0.0,0.0,0.0,0.0,50.0,0.0,0.0
HGKSP_seed0,79.45,98.93,99.85,91.17,73.47,0.0,77.95,62.65,87.97,72.58,65.14,80.88,66.92,99.39,100.0,99.72,99.16,95.4,98.64,87.87,79.93,76.31,76.65,47.59,79.65,81.18,61.75,63.04,61.54,54.8,0.0,0.0,0.0,39.27,33.72,97.08
HGKWL_seed0,83.77,98.13,99.83,0.0,73.19,84.51,80.39,56.66,84.0,71.13,77.25,80.08,66.24,99.49,100.0,99.78,98.75,94.63,98.51,88.11,87.34,87.19,86.72,47.7,80.78,81.76,64.06,64.04,63.29,49.78,0.0,0.0,0.0,27.86,29.92,86.6
MLG,89.49,53.91,0.0,0.0,74.32,82.16,88.66,54.69,79.79,61.42,77.22,44.32,44.93,73.36,78.12,74.46,95.75,90.63,98.21,86.43,0.0,84.41,83.98,45.34,80.67,80.67,54.77,50.6,63.4,46.47,0.0,0.0,0.0,50.0,90.91,83.11
MP,89.03,99.43,99.36,92.97,81.82,85.51,88.41,60.05,85.37,73.28,59.83,77.07,65.41,99.28,100.0,99.85,99.45,94.55,98.84,92.65,86.12,85.27,83.96,47.78,78.33,78.99,66.27,65.28,64.9,52.99,95.54,85.66,81.77,50.0,68.43,99.74
SP,81.36,89.3,76.78,0.0,79.36,0.0,82.54,54.23,65.23,48.18,50.59,73.53,64.22,87.29,93.77,92.13,99.16,95.68,98.8,90.24,0.0,51.4,48.96,58.92,0.0,0.0,57.39,65.93,61.28,42.17,0.0,0.0,0.0,50.0,87.44,82.99
VH,72.85,88.82,76.4,50.29,64.65,76.4,42.49,47.11,59.47,75.17,71.23,49.62,50.66,87.13,93.55,91.55,99.22,95.22,98.58,89.8,73.7,70.38,69.19,48.28,77.68,77.68,50.02,53.48,50.46,40.85,49.12,44.52,44.78,50.0,62.78,83.2
WL,87.16,88.34,76.57,81.48,79.87,83.93,89.49,55.72,80.45,73.28,76.58,78.74,65.87,86.78,93.63,91.77,99.2,95.19,98.71,91.54,88.93,91.02,91.19,44.25,79.37,79.38,62.41,63.05,63.07,49.86,83.51,75.36,81.59,50.0,99.9,82.56
WLOA,87.77,87.85,76.73,92.7,79.96,84.75,90.17,61.84,84.86,75.84,77.09,80.08,65.78,86.86,93.61,91.72,99.47,95.55,98.93,90.03,90.12,92.14,91.76,42.41,78.96,78.97,64.44,63.65,64.33,49.99,94.62,0.0,0.0,50.0,99.87,82.93

